suite,method,bounded,lr,count,dice,condition,min_singular_value,max_singular_value,nonpositive_determinants,extreme_scale_runs,dice_change_from_rigid,dice_worse_than_rigid,seconds,loss_value,tre_mean_mm,tre_median_mm,tre_worse_than_rigid,tre_max_mm
abdomens,identity,False,0.0,8,0.373178873087302,1.0,1.0,1.0,0,0,-0.004297127721440612,4,,,,,,
abdomens,rigid,False,0.0,8,0.37747600080874266,1.0,1.0,1.0,0,0,0.0,0,0.9222462449397426,,,,,
abdomens,matrix,False,0.001,8,0.36969035182798815,1.0941434353590012,0.8095433712005615,1.004282832145691,0,0,-0.0077856489807544785,5,0.4174188411270734,0.1679631844162941,,,,
abdomens,polar,False,0.001,8,0.3697404799590119,1.0931938737630844,0.8095672726631165,1.0042980909347534,0,0,-0.0077355208497307745,5,0.9227768376003951,0.16803649812936783,,,,
abdomens,matrix,False,0.003,8,0.3661891793996035,1.1819580644369125,0.6630280017852783,1.0042846202850342,0,0,-0.011286821409139187,5,0.4192831223772373,0.16292511485517025,,,,
abdomens,polar,False,0.003,8,0.3840574685333686,1.1787939965724945,0.6627235412597656,1.0088552236557007,0,0,0.0065814677246259605,5,0.9298463798477314,0.16230823565274477,,,,
abdomens,matrix,False,0.01,8,0.38747767029958397,1.2330020517110825,0.6635652184486389,1.0087984800338745,0,0,0.010001669490841327,4,0.41488707161624916,0.15822474751621485,,,,
abdomens,polar,False,0.01,8,0.3866737271474138,1.234912484884262,0.6605949997901917,1.0088098049163818,0,0,0.009197726338671195,4,0.926939076045528,0.1578691191971302,,,,
abdomens,matrix,False,0.03,8,0.37569773080553337,1.262993961572647,0.6362733244895935,1.006894826889038,0,0,-0.0017782700032092924,4,0.41483526476076804,0.1578060630708933,,,,
abdomens,polar,False,0.03,8,0.37838690759229177,1.2687949538230896,0.6383136510848999,1.0018116235733032,0,0,0.0009109067835490689,4,0.9224128557543736,0.15767932124435902,,,,
abdomens,matrix,False,0.1,8,0.16395537145233402,9.877315014600754,0.01834787428379059,1.081304669380188,1,6,-0.21352062935640864,7,0.40975816728314385,0.16851874347776175,,,,
abdomens,polar,False,0.1,8,0.16253699814097938,2.3019439727067947,0.15956132113933563,0.9999999403953552,0,5,-0.21493900266776328,7,0.9757381803647149,0.16484613809734583,,,,
abdomens,matrix,True,0.001,8,0.36969035182798815,1.0941434353590012,0.8095433712005615,1.004282832145691,0,0,-0.0077856489807544785,5,0.46181637825793587,0.1679631844162941,,,,
abdomens,polar,True,0.001,8,0.3697404799590119,1.0931938737630844,0.8095672726631165,1.0042980909347534,0,0,-0.0077355208497307745,5,0.9836756825388875,0.16803649812936783,,,,
abdomens,matrix,True,0.003,8,0.3663008114587513,1.160201370716095,0.7499999403953552,1.0042846202850342,0,0,-0.011175189349991333,5,0.47705510471132584,0.1634712554514408,,,,
abdomens,polar,True,0.003,8,0.3841839968501457,1.1569368243217468,0.7500016093254089,1.0088552236557007,0,0,0.006707996041403045,5,1.0045187334762886,0.16285424772650003,,,,
abdomens,matrix,True,0.01,8,0.3899846159289433,1.1927166134119034,0.75,1.0087984800338745,0,0,0.012508615120200631,4,0.4819402192661073,0.15931419748812914,,,,
abdomens,polar,True,0.01,8,0.3890714359018612,1.1919595152139664,0.7500012516975403,1.0088098049163818,0,0,0.011595435093118563,4,1.0091429987514857,0.15915914252400398,,,,
abdomens,matrix,True,0.03,8,0.39502645110905865,1.1850742250680923,0.75,1.006894826889038,0,0,0.01755045030031603,4,0.47139669189346023,0.15976892411708832,,,,
abdomens,polar,True,0.03,8,0.3939045881033954,1.1895278990268707,0.7500012516975403,1.0018116235733032,0,0,0.01642858729465274,4,0.9940133898344357,0.15974729228764772,,,,
abdomens,matrix,True,0.1,8,0.3823889769239214,1.1830978989601135,0.75,1.0037732124328613,0,0,0.004912976115178727,5,0.4783915667212568,0.1612930204719305,,,,
abdomens,polar,True,0.1,8,0.3667943045753232,1.1992203295230865,0.7500011920928955,0.9953954815864563,0,0,-0.010681696233419483,4,1.0073929414793383,0.1616267692297697,,,,
abdomens_masked,identity,False,0.0,8,0.373178873087302,1.0,1.0,1.0,0,0,-0.24828991568513434,7,,,,,,
abdomens_masked,rigid,False,0.0,8,0.6214687887724363,1.0,1.0,1.0,0,0,0.0,0,2.7612729430838954,,,,,
abdomens_masked,matrix,False,0.001,8,0.772097735015439,1.2033528983592987,0.7494842410087585,1.3212511539459229,0,0,0.15062894624300271,0,2.361611414642539,-2.0153460949659348,,,,
abdomens_masked,polar,False,0.001,8,0.7725222768130763,1.2079728245735168,0.7491553425788879,1.346997857093811,0,0,0.15105348804063995,0,2.9299970959837083,-2.0171363949775696,,,,
abdomens_masked,matrix,False,0.003,8,0.7735554794987513,1.2107456177473068,0.749566376209259,1.348798394203186,0,0,0.1520866907263148,0,2.363938872498693,-2.0178560316562653,,,,
abdomens_masked,polar,False,0.003,8,0.7732904626119343,1.2105283588171005,0.7495847344398499,1.3488729000091553,0,0,0.15182167383949796,0,2.9105160594335757,-2.0176126658916473,,,,
abdomens_masked,matrix,False,0.01,8,0.773019269206709,1.2123620957136154,0.7495435476303101,1.3489428758621216,0,0,0.1515504804342727,0,2.3585119276540354,-2.0188912451267242,,,,
abdomens_masked,polar,False,0.01,8,0.7739689486480309,1.212352067232132,0.7496126890182495,1.348909616470337,0,0,0.15250015987559454,0,2.8520329008460976,-2.0192371755838394,,,,
abdomens_masked,matrix,False,0.03,8,0.7722724988022953,1.2234815508127213,0.7495660185813904,1.3490376472473145,0,0,0.15080371002985907,0,2.359684091003146,-2.0182546824216843,,,,
abdomens_masked,polar,False,0.03,8,0.7245234799065402,1.2593870013952255,0.6911313533782959,1.3490880727767944,0,0,0.10305469113410387,1,2.8915593418641947,-2.0197351276874542,,,,
abdomens_masked,matrix,False,0.1,8,0.19952623212978474,14.113803833723068,0.009911023080348969,1.644888997077942,3,6,-0.42194255664265157,6,2.343818385124905,-4.785466879606247,,,,
abdomens_masked,polar,False,0.1,8,0.10619664108680751,7.934316545724869,0.001235480303876102,1.554111123085022,0,6,-0.5152721476856288,7,2.9107785502274055,-7.35078501701355,,,,
abdomens_masked,matrix,True,0.001,8,0.7721201071112243,1.2032107412815094,0.75,1.3212511539459229,0,0,0.15065131833878795,0,2.420763179718051,-2.0153432935476303,,,,
abdomens_masked,polar,True,0.001,8,0.7720643540320655,1.2065026462078094,0.7500014901161194,1.33333158493042,0,0,0.15059556525962922,0,2.972144627274247,-2.0165617763996124,,,,
abdomens_masked,matrix,True,0.003,8,0.7729102658769367,1.2091267257928848,0.7499998211860657,1.3333334922790527,0,0,0.15144147710450034,0,2.4185887211351655,-2.017276391386986,,,,
abdomens_masked,polar,True,0.003,8,0.7729170203311916,1.2084252387285233,0.7500014305114746,1.33333158493042,0,0,0.1514482315587552,0,2.9931188715272583,-2.0171196162700653,,,,
abdomens_masked,matrix,True,0.01,8,0.7724496129837255,1.210418924689293,0.7499998211860657,1.3333334922790527,0,0,0.15098082421128922,0,2.420110505016055,-2.0183092951774597,,,,
abdomens_masked,polar,True,0.01,8,0.7735026346410072,1.2103278636932373,0.7500013709068298,1.3333313465118408,0,0,0.15203384586857088,0,3.016724928020267,-2.0187524557113647,,,,
abdomens_masked,matrix,True,0.03,8,0.771842233351877,1.2212729305028915,0.7500002384185791,1.3333333730697632,0,0,0.15037344457944063,0,2.421320641733473,-2.0177329182624817,,,,
abdomens_masked,polar,True,0.03,8,0.7627162639420282,1.2394132018089294,0.7500012516975403,1.3333312273025513,0,0,0.14124747516959185,1,3.080404343403643,-2.0153113156557083,,,,
abdomens_masked,matrix,True,0.1,8,0.5010195619003528,1.3844566941261292,0.7499995827674866,1.3333334922790527,0,0,-0.12044922687208359,3,2.415282355825184,-3.2757730185985565,,,,
abdomens_masked,polar,True,0.1,8,0.5988735723705216,1.2206910103559494,0.7500013113021851,1.3122490644454956,0,0,-0.022595216401914683,3,3.048472356487764,-2.724518373608589,,,,
abdomens_native,identity,False,0.0,8,0.373178873087302,1.0,1.0,1.0,0,0,-0.2303947859764207,7,,,,,,
abdomens_native,rigid,False,0.0,8,0.6035736590637227,1.0,1.0,1.0,0,0,0.0,0,7.813172160123941,,,,,
abdomens_native,matrix,True,0.003,8,0.7691574523313245,1.2083563208580017,0.7499997019767761,1.3135119676589966,0,0,0.16558379326760175,0,7.554563202196732,-1.7943743467330933,,,,
abdomens_native,polar,True,0.003,8,0.769457735442363,1.2084813117980957,0.750001072883606,1.3134400844573975,0,0,0.16588407637864022,0,8.186882057227194,-1.7962696850299835,,,,
brain_legacy_reproduction,identity,False,0.0,1,0.8624347224479759,1.0,1.0,1.0,0,0,-0.05271239429620744,1,,,,,,
brain_legacy_reproduction,rigid,False,0.0,1,0.9151471167441834,1.0,1.0,1.0,0,0,0.0,0,3.7425676740240306,,,,,
brain_legacy_reproduction,matrix,False,0.01,1,0.3260490814221689,3.1256251335144043,0.10332699120044708,0.3229614496231079,0,1,-0.5890980353220145,1,2.635023184120655,-0.943777859210968,,,,
brain_legacy_reproduction,polar,False,0.01,1,0.35523619255615974,1.573528528213501,0.3937598466873169,0.6195923686027527,0,1,-0.5599109241880236,1,3.3107187529094517,-0.7283148169517517,,,,
brain_legacy_reproduction,matrix_legacy,False,0.01,1,0.31587636442451045,15.598870277404785,0.010891086421906948,0.16988864541053772,0,1,-0.599270752319673,1,2.585909873014316,-0.9822177886962891,,,,
brains_masked,identity,False,0.0,3,0.8964346663124964,1.0,1.0,1.0,0,0,-0.04962447386818095,2,,,10.738232747716495,10.852051503061638,1,19.006610177156197
brains_masked,rigid,False,0.0,3,0.9460591401806773,1.0,1.0,1.0,0,0,0.0,0,1.5745926663124312,,5.500388814030213,2.870623938189067,0,8.142443007854508
brains_masked,matrix,False,0.001,3,0.9611455338308613,1.0969349145889282,0.9613144993782043,1.154313087463379,0,0,0.015086393650184124,0,0.9668896147826066,-0.5631675124168396,5.2176927073389345,2.8926030663481512,0,7.7087216477059615
brains_masked,polar,False,0.001,3,0.9611648211273932,1.0966089169184368,0.9613488912582397,1.1535218954086304,0,0,0.015105680946715938,0,1.480357012245804,-0.5631674031416575,5.217323677373294,2.8918140850562164,0,7.70964057969724
brains_masked,matrix,False,0.003,3,0.9611339932882389,1.0971074899037678,0.9613251090049744,1.1542060375213623,0,0,0.015074853107561589,0,1.0206247019426276,-0.563177744547526,5.217534186589678,2.891918450990146,0,7.709044763539105
brains_masked,polar,False,0.003,3,0.9611495437926564,1.0968821446100872,0.9612969756126404,1.1539769172668457,0,0,0.015090403611978997,0,1.4715863782912493,-0.5631671746571859,5.217836029742293,2.8924885576923813,0,7.709213786064545
brains_masked,matrix,False,0.01,3,0.9611119221351953,1.0973978439966838,0.9612815380096436,1.1551560163497925,0,0,0.015052781954517943,0,0.9543018246379992,-0.56317338347435,5.217052351622249,2.891564121831279,0,7.709580779748068
brains_masked,polar,False,0.01,3,0.9610476668848865,1.0975478092829387,0.9612614512443542,1.154058575630188,0,0,0.014988526704209248,0,1.4877551433940728,-0.5631642242272695,5.216758139152043,2.8909456659949346,0,7.710200204829332
brains_masked,matrix,False,0.03,3,0.9611749138680911,1.0967096487681072,0.9612887501716614,1.154446005821228,0,0,0.015115773687413792,0,0.964129618058602,-0.5631625453631083,5.214193257402362,2.8922735504105366,0,7.708159951820241
brains_masked,polar,False,0.03,3,0.961190326201491,1.0972773631413777,0.961264967918396,1.154257893562317,0,0,0.015131186020813833,0,1.509421066303427,-0.5631694197654724,5.218771363980624,2.8942869018205877,0,7.710956413661669
brains_masked,matrix,False,0.1,3,0.5343312427096457,40.23459577560425,0.0011498124804347754,1.0279778242111206,1,2,-0.41172789747103145,2,0.9671245849846551,-0.8429850141207377,32.81953083079515,29.3151725794016,1,57.93050754991071
brains_masked,polar,False,0.1,3,0.328806255164116,2.9592060248057046,0.01755877397954464,0.08044737577438354,0,3,-0.6172528850165612,3,1.5287599340081215,-0.96929403146108,55.38324403150636,52.263284766134035,2,62.03909695005016
brains_masked,matrix,True,0.001,3,0.9611497515144993,1.096908450126648,0.9613156318664551,1.154231309890747,0,0,0.015090611333822057,0,1.0747701976603519,-0.5631675521532694,5.218090879221725,2.8929088444560587,0,7.7095119592688
brains_masked,polar,True,0.001,3,0.9611674476985878,1.096603512763977,0.9613235592842102,1.1534818410873413,0,0,0.01510830751791048,0,1.5530959323514253,-0.5631673733393351,5.217516549433599,2.89170000183769,0,7.709411745951401
brains_masked,matrix,True,0.003,3,0.9611251422565642,1.0971588691075642,0.9613333344459534,1.154289960861206,0,0,0.015066002075887042,0,1.0144335116104533,-0.5631777246793112,5.218058812343314,2.8932450673874404,0,7.7096862879619925
brains_masked,polar,True,0.003,3,0.9611590297258527,1.0966495275497437,0.9613081216812134,1.1535347700119019,0,0,0.015099889545175419,0,1.5533991399376343,-0.5631673733393351,5.218237737042477,2.892843978500827,0,7.709794793862863
brains_masked,matrix,True,0.01,3,0.9611399429130957,1.0967950423558552,0.9613246321678162,1.1540372371673584,0,0,0.015080802732418519,0,1.0398186220166583,-0.5631667971611023,5.217163183730535,2.890991817255947,0,7.710187755153379
brains_masked,polar,True,0.01,3,0.9611195129789186,1.0969770749409993,0.9612718820571899,1.1541640758514404,0,0,0.01506037279824135,0,1.5862279964300494,-0.5631668170293173,5.217351322409804,2.8915425949557854,0,7.71105410406143
brains_masked,matrix,True,0.03,3,0.9611279317967677,1.0972987810770671,0.9612005949020386,1.1548537015914917,0,0,0.015068791616090427,0,1.0387954893521965,-0.5631540218989054,5.21578009297233,2.8945014591249847,0,7.711221598093756
brains_masked,polar,True,0.03,3,0.9610775497522038,1.0961238940556843,0.9612762928009033,1.1524896621704102,0,0,0.01501840957152667,0,1.5649687837188442,-0.563139945268631,5.215082252470184,2.892016561753916,0,7.709392123020795
brains_masked,matrix,True,0.1,3,0.9623422652268271,1.1042449474334717,0.9629319310188293,1.1651486158370972,0,0,0.016283125046149743,0,1.0218487894162536,-0.5526798268159231,5.33769804577411,2.8435302580233355,1,7.6857977117251455
brains_masked,polar,True,0.1,3,0.9622589288353639,1.1023021539052327,0.9556140899658203,1.1527427434921265,0,0,0.01619978865468663,0,1.5482274550013244,-0.5529563724994659,5.268382466852881,2.8907465967571095,0,7.590691059363937
brains_native,identity,False,0.0,3,0.8964346663124964,1.0,1.0,1.0,0,0,-0.05108291986183211,2,,,10.738232747716495,10.852051503061638,1,19.006610177156197
brains_native,rigid,False,0.0,3,0.9475175861743285,1.0,1.0,1.0,0,0,0.0,0,3.276415848017981,,5.529522062002478,2.9623733571075075,0,8.166459751516742
brains_native,matrix,False,0.001,3,0.9437559943770942,1.0831175247828166,0.9144333004951477,1.0532011985778809,0,0,-0.0037615917972342685,1,2.616913008969277,-0.6509977579116821,5.360177247760618,2.832443464293143,0,7.991597987124166
brains_native,polar,False,0.001,3,0.9532045553321614,1.068671464920044,0.9609106183052063,1.065184235572815,0,0,0.005686969157832992,0,3.2223650506542376,-0.6487168868382772,5.3599450462182725,2.832438593238839,0,7.990637400067836
brains_native,matrix,False,0.003,3,0.859109431024299,1.1858381032943726,0.6679728031158447,1.0341112613677979,0,0,-0.08840815515002927,1,2.60692964727059,-0.6657438278198242,5.3605553295311035,2.8320325291233743,0,7.991922182494547
brains_native,polar,False,0.003,3,0.8762810993726543,1.1453311840693157,0.7291613817214966,1.0340816974639893,0,0,-0.07123648680167409,1,3.120613425892467,-0.661833663781484,5.3606818843531965,2.83304227245542,0,7.991408543570745
brains_native,matrix,False,0.01,3,0.756615823997057,2.4461154540379844,0.08526971936225891,1.0340975522994995,0,1,-0.19090176217727142,1,2.585626653938865,-0.736521045366923,5.360162062258742,2.83339294268385,0,7.99055249055721
brains_native,polar,False,0.01,3,0.7641354656271857,1.2155758142471313,0.3657524287700653,1.0341907739639282,0,1,-0.18338212054714273,1,3.2080794633366168,-0.7135571241378784,5.3606281700965495,2.8330208109132426,0,7.99328617359171
brains_native,matrix,False,0.03,3,0.328806255164116,13.013535857200623,0.005221786443144083,0.16270339488983154,2,3,-0.6187113310102124,3,2.6464620999371014,-0.9878570040067037,60.31933638846844,60.38155405377575,2,78.1879905953345
brains_native,polar,False,0.03,3,0.3288933709311505,2.156321366628011,0.06680283695459366,0.21365879476070404,0,3,-0.6186242152431779,3,3.359605422398696,-0.9771311283111572,50.44300721325497,48.19618788901181,2,57.93799257322214
brains_native,matrix,False,0.1,3,0.328806255164116,114.69710397720337,0.0004500830837059766,0.147044837474823,1,3,-0.6187113310102124,3,2.647454872339343,-0.9882641832033793,74.45062313652889,72.00212618284947,2,97.14249510835121
brains_native,polar,False,0.1,3,0.3342969165259649,3.175192356109619,0.00495612109079957,0.022553090006113052,0,3,-0.6132206696483634,3,3.34870984707959,-0.9889086286226908,78.07296880317321,78.39531753909574,2,82.09828443020518
brains_native,matrix,True,0.001,3,0.9432828646371986,1.0842745701471965,0.9119020700454712,1.0534671545028687,0,0,-0.00423472153712993,1,2.674177285671855,-0.6510668794314066,5.360163506090512,2.8324304234693214,0,7.99137382147136
brains_native,polar,True,0.001,3,0.9531155321865898,1.0674062569936116,0.9618873000144958,1.0626214742660522,0,0,0.005597946012261416,0,3.2832494478983185,-0.6487149198849996,5.359632551631661,2.83201186370028,0,7.990266465710616
brains_native,matrix,True,0.003,3,0.879815160276125,1.134333332379659,0.7500001788139343,1.034079909324646,0,0,-0.0677024258982033,1,2.672161359262342,-0.6619644363721212,5.359879434581206,2.8321048807910394,0,7.9905610762062045
brains_native,polar,True,0.003,3,0.8617568502408065,1.0977145433425903,0.7500015497207642,1.0340850353240967,0,0,-0.08576073593352185,1,3.1753406786204628,-0.6666992902755737,5.360745167170506,2.832315592156942,0,7.991495468058247
brains_native,matrix,True,0.01,3,0.8352832213243283,1.050084908803304,0.7499996423721313,1.034104824066162,0,0,-0.11223436484999998,1,2.673435856665795,-0.6745433608690897,5.35982271829679,2.833218783039093,0,7.989941973688074
brains_native,polar,True,0.01,3,0.8295272345082867,1.0326573451360066,0.7500014305114746,1.034184455871582,0,0,-0.11799035166604173,1,3.1751639486756176,-0.6758487621943156,5.3600079252035835,2.8324594354559602,0,7.992252384855746
brains_native,matrix,True,0.03,3,0.8318479314940346,1.0403434832890828,0.7499998211860657,1.0342118740081787,0,0,-0.11566965468029385,1,2.6803622940399996,-0.6681339542071024,5.212132498603561,2.8584747492985025,0,7.663324075917966
brains_native,polar,True,0.03,3,0.838353568448031,1.0615208148956299,0.7500014305114746,1.0340542793273926,0,0,-0.1091640177262974,1,3.394541626640906,-0.6657817165056864,5.2141081357870505,2.853069056600507,0,7.660384290374402
brains_native,matrix,True,0.1,3,0.8327832019423286,1.0445541143417358,0.7499996423721313,1.05372953414917,0,0,-0.11473438423199993,1,2.744515819630275,-0.6496266722679138,5.262599485678183,2.867364974459511,0,7.554838131416416
brains_native,polar,True,0.1,3,0.8336698697960743,1.0442592302958171,0.7500013709068298,1.0540833473205566,0,0,-0.11384771637825412,1,3.395365355691562,-0.6521749496459961,5.286849503109705,2.8824498568225905,1,7.566979320234468
brains_native_nr0,identity,False,0.0,3,0.8964346663124964,1.0,1.0,1.0,0,0,-0.051084292542821354,2,,,10.738232747716495,10.852051503061638,1,19.006610177156197
brains_native_nr0,rigid,False,0.0,3,0.9475189588553176,1.0,1.0,1.0,0,0,0.0,0,3.261119318737959,,5.528693059035344,2.9623240721688715,0,8.164823262448772
brains_native_nr0,matrix,False,0.001,3,0.9609315905269314,1.0967392126719158,0.9694262146949768,1.1671080589294434,0,0,0.013412631671613884,0,2.6337493393414966,-0.23764174431562424,5.367845561353554,2.870319253371441,0,7.997630264772409
brains_native_nr0,polar,False,0.001,3,0.9608147870936145,1.0962018569310505,0.9694819450378418,1.1672793626785278,0,0,0.013295828238296892,0,3.3524786139993616,-0.2376427873969078,5.367813246652056,2.8696067649103565,0,7.997564208981229
brains_native_nr0,matrix,False,0.003,3,0.9608231096628578,1.0962758461634319,0.9694511294364929,1.1674734354019165,0,0,0.013304150807540068,0,2.648700415622443,-0.23764276752869287,5.367863291469918,2.8705664438693335,0,7.9970695927576605
brains_native_nr0,polar,False,0.003,3,0.960824615923337,1.0962385733922322,0.9694581627845764,1.1671909093856812,0,0,0.013305657068019413,0,3.2763330723779895,-0.23764273524284363,5.367796245642273,2.8702881014139026,0,7.998310106432754
brains_native_nr0,matrix,False,0.01,3,0.9608134980203791,1.0962449312210083,0.9694406986236572,1.1673520803451538,0,0,0.013294539165061403,0,2.675118309368069,-0.2376422087351481,5.369919926159911,2.8699225362837186,0,7.999429680279776
brains_native_nr0,polar,False,0.01,3,0.9607862341316297,1.0898832082748413,0.9694799184799194,1.1538444757461548,0,0,0.013267275276311996,0,3.2026461999242506,-0.23770430435736975,5.366051919213906,2.868525985164313,0,7.997290927693655
brains_native_nr0,matrix,False,0.03,3,0.9607476265589224,1.0898016293843586,0.9693460464477539,1.1535660028457642,0,0,0.013228667703604832,0,2.6085411912451186,-0.2376807083686193,5.363981767459734,2.8681004577974525,0,7.99489342594182
brains_native_nr0,polar,False,0.03,3,0.9609747722175426,1.0898281733194988,0.9696255326271057,1.1548702716827393,0,0,0.013455813362224936,0,3.2019486053225896,-0.237579216559728,5.380858323053185,2.8822719987496077,0,7.9983379674345
brains_native_nr0,matrix,False,0.1,3,0.6485254770638097,2.7082789738972983,0.334333211183548,2.003479480743408,0,1,-0.2989934817915079,1,2.6444594947000346,-0.2952000747124354,5.278121598055923,2.8488332358951154,0,7.581928047047198
brains_native_nr0,polar,False,0.1,3,0.652294387507394,6.125697573026021,0.8701475858688354,14.136526107788086,0,1,-0.29522457134792374,1,3.280272701056674,-0.26433701316515607,5.321258050196578,2.719438231134221,0,7.7092653815967775
brains_native_nr0,matrix,True,0.001,3,0.9609392542344203,1.0966858466466267,0.9694314002990723,1.1671442985534668,0,0,0.013420295379102646,0,2.6815594693956277,-0.23764173438151678,5.367813327678817,2.8700903504775703,0,7.9980147992988595
brains_native_nr0,polar,True,0.001,3,0.960817223979389,1.0961732467015584,0.969443678855896,1.1672438383102417,0,0,0.013298265124071396,0,3.245147088697801,-0.23764280478159586,5.367709299284875,2.870066511115134,0,7.997435680473442
brains_native_nr0,matrix,True,0.003,3,0.960826847389406,1.0963204701741536,0.9694922566413879,1.167766809463501,0,0,0.013307888534088411,0,2.68475960722814,-0.23764275511105856,5.368431601887799,2.870804292138881,0,7.998215724049831
brains_native_nr0,polar,True,0.003,3,0.9608214106650298,1.0961820284525554,0.9694420099258423,1.1672042608261108,0,0,0.013302451809712235,0,3.27879847609438,-0.23764271785815558,5.367100723015127,2.8699365102663923,0,7.996912022460308
brains_native_nr0,matrix,True,0.01,3,0.9608233343269089,1.0962885618209839,0.969428539276123,1.167392373085022,0,0,0.013304375471591356,0,2.7074843193404377,-0.23764225840568542,5.369519420498348,2.8698244773983532,0,7.998973303020792
brains_native_nr0,polar,True,0.01,3,0.9607954099130237,1.0898771286010742,0.9694472551345825,1.1540857553482056,0,0,0.01327645105770614,0,3.3649334216024727,-0.23770431180795035,5.366329632461023,2.869307959016793,0,7.996804494175706
brains_native_nr0,matrix,True,0.03,3,0.9607363453252242,1.0900744199752808,0.9695606827735901,1.1535788774490356,0,0,0.013217386469906592,0,2.691435849914948,-0.23763477305571237,5.36051665747677,2.8618649548159505,0,7.991947500319727
brains_native_nr0,polar,True,0.03,3,0.9608263063062866,1.0898403724034627,0.969455897808075,1.1538026332855225,0,0,0.013307347450968917,0,3.2197148273698986,-0.2376661573847135,5.370215851825857,2.881801839502005,0,7.995808836450433
brains_native_nr0,matrix,True,0.1,3,0.9621666216279604,1.1087595224380493,0.962682843208313,1.1738300323486328,0,0,0.014647662772642697,0,2.6848053528616824,-0.2141028270125389,5.379152828159952,2.7767801626633766,0,7.785545688597376
brains_native_nr0,polar,True,0.1,3,0.6486944543926251,1.3014529943466187,0.7500013709068298,1.3333317041397095,0,0,-0.29882450446269254,1,3.2503565396958343,-0.22782579064369202,5.362657072577097,2.7224495440025596,0,7.768436697280193
synthetic,identity,False,0.0,16,,1.0,1.0,1.0,0,0,,,,,10.086537529145536,9.739549137116615,16,14.113682621309854
synthetic,rigid,False,0.0,16,,1.0000000223517418,0.9999999403953552,1.0,0,0,,,0.7017798368615331,,3.503637996044571,3.2880163994811085,0,6.670042144635205
synthetic,matrix,False,0.001,16,,1.2464858368039131,0.7931441068649292,1.295629620552063,0,0,,,0.36474080751941074,1.0722909248528367e-05,0.10541607356250027,0.10235006236173527,0,0.8617735079343795
synthetic,polar,False,0.001,16,,1.2519279941916466,0.7892355918884277,1.2952684164047241,0,0,,,0.7993938793370035,3.2587653535642858e-06,0.027726861388362032,0.025344613248797908,0,0.14324472330903204
synthetic,matrix,False,0.003,16,,1.252560831606388,0.7887387871742249,1.2954299449920654,0,0,,,0.3630080857255962,3.1936420015199474e-06,0.01784737025258827,0.016472417288925064,0,0.04245393497764933
synthetic,polar,False,0.003,16,,1.2525711432099342,0.7886860966682434,1.2954955101013184,0,0,,,0.8016560428222874,3.1937155000605344e-06,0.017740664104647006,0.016437683412559044,0,0.04047878060991152
synthetic,matrix,False,0.01,16,,1.2525574713945389,0.7886080145835876,1.2953929901123047,0,0,,,0.36446448364586104,3.195749680884319e-06,0.018200462883781177,0.016746706951983242,0,0.04103613692084654
synthetic,polar,False,0.01,16,,1.2525655925273895,0.788696825504303,1.2953232526779175,0,0,,,0.7884324086189736,3.1960133952679826e-06,0.01784656257639866,0.016527962876336934,0,0.04425610979702101
synthetic,matrix,False,0.03,16,,1.252547062933445,0.7887156009674072,1.295357584953308,0,0,,,0.36341932576033287,3.226534246891788e-06,0.019121197697942415,0.01768149389709766,0,0.04193355788393777
synthetic,polar,False,0.03,16,,1.2526116892695427,0.7887146472930908,1.2956382036209106,0,0,,,0.7976517068018438,3.217391050469587e-06,0.019154161945457143,0.017483808083299197,0,0.0418028267622813
synthetic,matrix,False,0.1,16,,1.2525828257203102,0.7886993288993835,1.295082688331604,0,0,,,0.36307574159582146,3.7462971818058577e-06,0.041488408360177455,0.03814785506708733,0,0.06552538981901727
synthetic,polar,False,0.1,16,,1.2525037229061127,0.7884328365325928,1.2948030233383179,0,0,,,0.7881731972447596,3.5619223481830886e-06,0.036462930114493336,0.034227864551223244,0,0.06278875511758804
synthetic,matrix,True,0.001,16,,1.2464858368039131,0.7931441068649292,1.295629620552063,0,0,,,0.41793251677881926,1.0722909248528367e-05,0.10541607356250027,0.10235006236173527,0,0.8617735079343795
synthetic,polar,True,0.001,16,,1.2519279941916466,0.7892355918884277,1.2952684164047241,0,0,,,0.8582344421301968,3.2587653535642858e-06,0.027726861388362032,0.025344613248797908,0,0.14324472330903204
synthetic,matrix,True,0.003,16,,1.252560831606388,0.7887387871742249,1.2954299449920654,0,0,,,0.411896527861245,3.1936420015199474e-06,0.01784737025258827,0.016472417288925064,0,0.04245393497764933
synthetic,polar,True,0.003,16,,1.2525711432099342,0.7886860966682434,1.2954955101013184,0,0,,,0.8633108447102131,3.1937155000605344e-06,0.017740664104647006,0.016437683412559044,0,0.04047878060991152
synthetic,matrix,True,0.01,16,,1.2525574713945389,0.7886080145835876,1.2953929901123047,0,0,,,0.4104347286338452,3.195749680884319e-06,0.018200462883781177,0.016746706951983242,0,0.04103613692084654
synthetic,polar,True,0.01,16,,1.2525655925273895,0.788696825504303,1.2953232526779175,0,0,,,0.8617936202354031,3.1960133952679826e-06,0.01784656257639866,0.016527962876336934,0,0.04425610979702101
synthetic,matrix,True,0.03,16,,1.2525463178753853,0.7887100577354431,1.2953498363494873,0,0,,,0.410672528174473,3.226523872967846e-06,0.01912562241621587,0.017687475971428723,0,0.04189213917750825
synthetic,polar,True,0.03,16,,1.2526017799973488,0.7886381149291992,1.2956289052963257,0,0,,,0.8584503836173099,3.21751339171783e-06,0.019271332902019385,0.017689265039318752,0,0.04098230586934541
synthetic,matrix,True,0.1,16,,1.2529168650507927,0.7890456914901733,1.2950176000595093,0,0,,,0.41399747555260547,3.7124766549823107e-06,0.03969259510351696,0.037356486769446993,0,0.06368200586846852
synthetic,polar,True,0.1,16,,1.2526182159781456,0.7885206937789917,1.2955706119537354,0,0,,,0.8776444557443028,3.554549643070004e-06,0.035025627969317935,0.03237761554566507,0,0.04953611465283164
